{"train_loss": 1.1510627269744873, "epoch": 277, "trainer/global_step": 177300, "_timestamp": 1690246201.7878404, "_runtime": 39806.43152332306, "_step": 3846, "val_loss": 0.740035891532898, "val_acc1": 84.15841674804688, "val_acc5": 95.99208068847656, "test_loss": 0.7302242517471313, "test_acc1": 84.35247802734375, "test_acc5": 96.21385955810547, "_wandb": {"runtime": 39805}}