{"train_loss": 6.892754554748535, "epoch": 0, "trainer/global_step": 99, "_timestamp": 1690205761.7979689, "_runtime": 26.24020481109619, "_step": 1}