{"train_loss": 2.6722676753997803, "epoch": 163, "trainer/global_step": 96899, "_timestamp": 1690273028.4688504, "_runtime": 21457.232525348663, "_step": 2100, "val_loss": 0.9370350241661072, "val_acc1": 79.75841522216797, "val_acc5": 94.51089477539062}